{
    "ALL": {
        "performance_sw": 0.39376429798778273,
        "performance_fw": 0.22664541683023492,
        "val_loss": 3.4981266516807614,
        "annual_return_2006_2007": 0.015251945584539905,
        "annual_volatility_2006_2007": 0.04051888195741042,
        "sharpe_ratio_2006_2007": 0.39376429798778295,
        "downside_risk_2006_2007": 0.028002965973393686,
        "sortino_ratio_2006_2007": 0.5697571151701821,
        "max_drawdown_2006_2007": 0.02718356442655399,
        "calmar_ratio_2006_2007": 0.5610723209514495,
        "perc_pos_return_2006_2007": 0.5173745173745173,
        "profit_loss_ratio_2006_2007": 0.9940152013794109,
        "sharpe_ratio_2006": 0.26432650113125755,
        "annual_return_2006_2007_0_5_bps": 0.014549446148776735,
        "annual_volatility_2006_2007_0_5_bps": 0.04051933654430382,
        "sharpe_ratio_2006_2007_0_5_bps": 0.3766765377183689,
        "downside_risk_2006_2007_0_5_bps": 0.028026841013659484,
        "sortino_ratio_2006_2007_0_5_bps": 0.5445738031166317,
        "max_drawdown_2006_2007_0_5_bps": 0.027230642678458598,
        "calmar_ratio_2006_2007_0_5_bps": 0.5343041778549867,
        "perc_pos_return_2006_2007_0_5_bps": 0.5173745173745173,
        "profit_loss_ratio_2006_2007_0_5_bps": 0.9912853982775799,
        "sharpe_ratio_2006_0_5_bps": 0.24727269478719502,
        "annual_return_2006_2007_1_0_bps": 0.013847429613455864,
        "annual_volatility_2006_2007_1_0_bps": 0.04051982200034364,
        "sharpe_ratio_2006_2007_1_0_bps": 0.359588886915011,
        "downside_risk_2006_2007_1_0_bps": 0.02805074313066431,
        "sortino_ratio_2006_2007_1_0_bps": 0.5194328586314668,
        "max_drawdown_2006_2007_1_0_bps": 0.027277718755722772,
        "calmar_ratio_2006_2007_1_0_bps": 0.5076461758940425,
        "perc_pos_return_2006_2007_1_0_bps": 0.5173745173745173,
        "profit_loss_ratio_2006_2007_1_0_bps": 0.9885626315425106,
        "sharpe_ratio_2006_1_0_bps": 0.2302190676355552,
        "annual_return_2006_2007_1_5_bps": 0.01314589564880797,
        "annual_volatility_2006_2007_1_5_bps": 0.04052033832442039,
        "sharpe_ratio_2006_2007_1_5_bps": 0.34250138463622143,
        "downside_risk_2006_2007_1_5_bps": 0.028074672255250663,
        "sortino_ratio_2006_2007_1_5_bps": 0.4943342474620179,
        "max_drawdown_2006_2007_1_5_bps": 0.027324792658442988,
        "calmar_ratio_2006_2007_1_5_bps": 0.48109772736907,
        "perc_pos_return_2006_2007_1_5_bps": 0.5173745173745173,
        "profit_loss_ratio_2006_2007_1_5_bps": 0.9858468740037098,
        "sharpe_ratio_2006_1_5_bps": 0.2131656570982845,
        "annual_return_2006_2007_2_0_bps": 0.01244484392528955,
        "annual_volatility_2006_2007_2_0_bps": 0.040520885515354106,
        "sharpe_ratio_2006_2007_2_0_bps": 0.32541406993659866,
        "downside_risk_2006_2007_2_0_bps": 0.02809862831841863,
        "sortino_ratio_2006_2007_2_0_bps": 0.4692779349781601,
        "max_drawdown_2006_2007_2_0_bps": 0.027371864386714528,
        "calmar_ratio_2006_2007_2_0_bps": 0.4546582486843644,
        "perc_pos_return_2006_2007_2_0_bps": 0.5173745173745173,
        "profit_loss_ratio_2006_2007_2_0_bps": 0.9831380986303948,
        "sharpe_ratio_2006_2_0_bps": 0.19611250059337026,
        "annual_return_2006_2007_2_5_bps": 0.011744274113581143,
        "annual_volatility_2006_2007_2_5_bps": 0.04052146357189432,
        "sharpe_ratio_2006_2007_2_5_bps": 0.30832698186637664,
        "downside_risk_2006_2007_2_5_bps": 0.02812261125132581,
        "sortino_ratio_2006_2007_2_5_bps": 0.44426388617598556,
        "max_drawdown_2006_2007_2_5_bps": 0.027418933940632186,
        "calmar_ratio_2006_2007_2_5_bps": 0.42832716031228607,
        "perc_pos_return_2006_2007_2_5_bps": 0.5173745173745173,
        "profit_loss_ratio_2006_2007_2_5_bps": 0.9804362785305955,
        "sharpe_ratio_2006_2_5_bps": 0.1790596355344277,
        "annual_return_2006_2007_3_0_bps": 0.011044185884582447,
        "annual_volatility_2006_2007_3_0_bps": 0.04052207249272013,
        "sharpe_ratio_2006_2007_3_0_bps": 0.2912401594709871,
        "downside_risk_2006_2007_3_0_bps": 0.028146620985287425,
        "sortino_ratio_2006_2007_3_0_bps": 0.4192920656814747,
        "max_drawdown_2006_2007_3_0_bps": 0.027466001320293244,
        "calmar_ratio_2006_2007_3_0_bps": 0.4021038867577151,
        "perc_pos_return_2006_2007_3_0_bps": 0.5173745173745173,
        "profit_loss_ratio_2006_2007_3_0_bps": 0.9777413869502651,
        "sharpe_ratio_2006_3_0_bps": 0.1620070993302921
    },
    "COMB": {
        "annual_return_2006_2007": NaN,
        "annual_volatility_2006_2007": NaN,
        "sharpe_ratio_2006_2007": NaN,
        "downside_risk_2006_2007": NaN,
        "sortino_ratio_2006_2007": NaN,
        "max_drawdown_2006_2007": NaN,
        "calmar_ratio_2006_2007": NaN,
        "perc_pos_return_2006_2007": 0.0,
        "profit_loss_ratio_2006_2007": NaN,
        "year": {},
        "captured_returns": {},
        "annual_return_2006_2007_0_5_bps": NaN,
        "annual_volatility_2006_2007_0_5_bps": NaN,
        "sharpe_ratio_2006_2007_0_5_bps": NaN,
        "downside_risk_2006_2007_0_5_bps": NaN,
        "sortino_ratio_2006_2007_0_5_bps": NaN,
        "max_drawdown_2006_2007_0_5_bps": NaN,
        "calmar_ratio_2006_2007_0_5_bps": NaN,
        "perc_pos_return_2006_2007_0_5_bps": 0.0,
        "profit_loss_ratio_2006_2007_0_5_bps": NaN,
        "annual_return_2006_2007_1_0_bps": NaN,
        "annual_volatility_2006_2007_1_0_bps": NaN,
        "sharpe_ratio_2006_2007_1_0_bps": NaN,
        "downside_risk_2006_2007_1_0_bps": NaN,
        "sortino_ratio_2006_2007_1_0_bps": NaN,
        "max_drawdown_2006_2007_1_0_bps": NaN,
        "calmar_ratio_2006_2007_1_0_bps": NaN,
        "perc_pos_return_2006_2007_1_0_bps": 0.0,
        "profit_loss_ratio_2006_2007_1_0_bps": NaN,
        "annual_return_2006_2007_1_5_bps": NaN,
        "annual_volatility_2006_2007_1_5_bps": NaN,
        "sharpe_ratio_2006_2007_1_5_bps": NaN,
        "downside_risk_2006_2007_1_5_bps": NaN,
        "sortino_ratio_2006_2007_1_5_bps": NaN,
        "max_drawdown_2006_2007_1_5_bps": NaN,
        "calmar_ratio_2006_2007_1_5_bps": NaN,
        "perc_pos_return_2006_2007_1_5_bps": 0.0,
        "profit_loss_ratio_2006_2007_1_5_bps": NaN,
        "annual_return_2006_2007_2_0_bps": NaN,
        "annual_volatility_2006_2007_2_0_bps": NaN,
        "sharpe_ratio_2006_2007_2_0_bps": NaN,
        "downside_risk_2006_2007_2_0_bps": NaN,
        "sortino_ratio_2006_2007_2_0_bps": NaN,
        "max_drawdown_2006_2007_2_0_bps": NaN,
        "calmar_ratio_2006_2007_2_0_bps": NaN,
        "perc_pos_return_2006_2007_2_0_bps": 0.0,
        "profit_loss_ratio_2006_2007_2_0_bps": NaN,
        "annual_return_2006_2007_2_5_bps": NaN,
        "annual_volatility_2006_2007_2_5_bps": NaN,
        "sharpe_ratio_2006_2007_2_5_bps": NaN,
        "downside_risk_2006_2007_2_5_bps": NaN,
        "sortino_ratio_2006_2007_2_5_bps": NaN,
        "max_drawdown_2006_2007_2_5_bps": NaN,
        "calmar_ratio_2006_2007_2_5_bps": NaN,
        "perc_pos_return_2006_2007_2_5_bps": 0.0,
        "profit_loss_ratio_2006_2007_2_5_bps": NaN,
        "annual_return_2006_2007_3_0_bps": NaN,
        "annual_volatility_2006_2007_3_0_bps": NaN,
        "sharpe_ratio_2006_2007_3_0_bps": NaN,
        "downside_risk_2006_2007_3_0_bps": NaN,
        "sortino_ratio_2006_2007_3_0_bps": NaN,
        "max_drawdown_2006_2007_3_0_bps": NaN,
        "calmar_ratio_2006_2007_3_0_bps": NaN,
        "perc_pos_return_2006_2007_3_0_bps": 0.0,
        "profit_loss_ratio_2006_2007_3_0_bps": NaN
    }
}