{
    "ALL": {
        "performance_sw": -0.386316166408311,
        "performance_fw": -0.5198887692853246,
        "val_loss": 0.5777357732396595,
        "annual_return_2009_2010": -0.0022913702323920093,
        "annual_volatility_2009_2010": 0.0058933328212501905,
        "sharpe_ratio_2009_2010": -0.3863161664083111,
        "downside_risk_2009_2010": 0.0044195727568516275,
        "sortino_ratio_2009_2010": -0.5151379710502824,
        "max_drawdown_2009_2010": 0.008354163376654433,
        "calmar_ratio_2009_2010": -0.27427883907504186,
        "perc_pos_return_2009_2010": 0.5119047619047619,
        "profit_loss_ratio_2009_2010": 0.8930346766126788,
        "sharpe_ratio_2009": -0.3959967748569553,
        "annual_return_2009_2010_0_5_bps": -0.0023466274562884415,
        "annual_volatility_2009_2010_0_5_bps": 0.00589338266509314,
        "sharpe_ratio_2009_2010_0_5_bps": -0.39571070360686306,
        "downside_risk_2009_2010_0_5_bps": 0.004421212069756501,
        "sortino_ratio_2009_2010_0_5_bps": -0.5274740420124057,
        "max_drawdown_2009_2010_0_5_bps": 0.008400625643613423,
        "calmar_ratio_2009_2010_0_5_bps": -0.27933960586286394,
        "perc_pos_return_2009_2010_0_5_bps": 0.5119047619047619,
        "profit_loss_ratio_2009_2010_0_5_bps": 0.8916122288069834,
        "sharpe_ratio_2009_0_5_bps": -0.40591303653001354,
        "annual_return_2009_2010_1_0_bps": -0.0024018816362586515,
        "annual_volatility_2009_2010_1_0_bps": 0.005893433243169238,
        "sharpe_ratio_2009_2010_1_0_bps": -0.4051050314263792,
        "downside_risk_2009_2010_1_0_bps": 0.004422852709646133,
        "sortino_ratio_2009_2010_1_0_bps": -0.5398008063837061,
        "max_drawdown_2009_2010_1_0_bps": 0.00844708574790258,
        "calmar_ratio_2009_2010_1_0_bps": -0.28434441272897476,
        "perc_pos_return_2009_2010_1_0_bps": 0.5119047619047619,
        "profit_loss_ratio_2009_2010_1_0_bps": 0.8901919938709603,
        "sharpe_ratio_2009_1_0_bps": -0.4158290794999984,
        "annual_return_2009_2010_1_5_bps": -0.00245713277246562,
        "annual_volatility_2009_2010_1_5_bps": 0.005893484555459586,
        "sharpe_ratio_2009_2010_1_5_bps": -0.4144991463624341,
        "downside_risk_2009_2010_1_5_bps": 0.004424494675044347,
        "sortino_ratio_2009_2010_1_5_bps": -0.5521182636102288,
        "max_drawdown_2009_2010_1_5_bps": 0.0084935436896182,
        "calmar_ratio_2009_2010_1_5_bps": -0.289294181822955,
        "perc_pos_return_2009_2010_1_5_bps": 0.5119047619047619,
        "profit_loss_ratio_2009_2010_1_5_bps": 0.8887739666448567,
        "sharpe_ratio_2009_1_5_bps": -0.4257448990890632,
        "annual_return_2009_2010_2_0_bps": -0.0025123808650816537,
        "annual_volatility_2009_2010_2_0_bps": 0.005893536601944992,
        "sharpe_ratio_2009_2010_2_0_bps": -0.4238930449110245,
        "downside_risk_2009_2010_2_0_bps": 0.004426137964475972,
        "sortino_ratio_2009_2010_2_0_bps": -0.5644264131718745,
        "max_drawdown_2009_2010_2_0_bps": 0.008539999468863795,
        "calmar_ratio_2009_2010_2_0_bps": -0.2941898151447911,
        "perc_pos_return_2009_2010_2_0_bps": 0.5119047619047619,
        "profit_loss_ratio_2009_2010_2_0_bps": 0.8873581419849484,
        "sharpe_ratio_2009_2_0_bps": -0.4356604906199023,
        "annual_return_2009_2010_2_5_bps": -0.0025676259142700664,
        "annual_volatility_2009_2010_2_5_bps": 0.0058935893826060175,
        "sharpe_ratio_2009_2010_2_5_bps": -0.4332867235685713,
        "downside_risk_2009_2010_2_5_bps": 0.004427782576466842,
        "sortino_ratio_2009_2010_2_5_bps": -0.5767252545822927,
        "max_drawdown_2009_2010_2_5_bps": 0.008586453085737748,
        "calmar_ratio_2009_2010_2_5_bps": -0.29903219509053613,
        "perc_pos_return_2009_2010_2_5_bps": 0.5119047619047619,
        "profit_loss_ratio_2009_2010_2_5_bps": 0.885944514763478,
        "sharpe_ratio_2009_2_5_bps": -0.44557584941576234,
        "annual_return_2009_2010_3_0_bps": -0.002622867920195726,
        "annual_volatility_2009_2010_3_0_bps": 0.005893642897422936,
        "sharpe_ratio_2009_2010_3_0_bps": -0.4426801788319308,
        "downside_risk_2009_2010_3_0_bps": 0.004429428509543784,
        "sortino_ratio_2009_2010_3_0_bps": -0.589014787388778,
        "max_drawdown_2009_2010_3_0_bps": 0.008632904540337653,
        "calmar_ratio_2009_2010_3_0_bps": -0.30382218498307867,
        "perc_pos_return_2009_2010_3_0_bps": 0.5119047619047619,
        "profit_loss_ratio_2009_2010_3_0_bps": 0.8845330798685929,
        "sharpe_ratio_2009_3_0_bps": -0.45549097080045076
    },
    "COMB": {
        "annual_return_2009_2010": NaN,
        "annual_volatility_2009_2010": NaN,
        "sharpe_ratio_2009_2010": NaN,
        "downside_risk_2009_2010": NaN,
        "sortino_ratio_2009_2010": NaN,
        "max_drawdown_2009_2010": NaN,
        "calmar_ratio_2009_2010": NaN,
        "perc_pos_return_2009_2010": 0.0,
        "profit_loss_ratio_2009_2010": NaN,
        "year": {},
        "captured_returns": {},
        "annual_return_2009_2010_0_5_bps": NaN,
        "annual_volatility_2009_2010_0_5_bps": NaN,
        "sharpe_ratio_2009_2010_0_5_bps": NaN,
        "downside_risk_2009_2010_0_5_bps": NaN,
        "sortino_ratio_2009_2010_0_5_bps": NaN,
        "max_drawdown_2009_2010_0_5_bps": NaN,
        "calmar_ratio_2009_2010_0_5_bps": NaN,
        "perc_pos_return_2009_2010_0_5_bps": 0.0,
        "profit_loss_ratio_2009_2010_0_5_bps": NaN,
        "annual_return_2009_2010_1_0_bps": NaN,
        "annual_volatility_2009_2010_1_0_bps": NaN,
        "sharpe_ratio_2009_2010_1_0_bps": NaN,
        "downside_risk_2009_2010_1_0_bps": NaN,
        "sortino_ratio_2009_2010_1_0_bps": NaN,
        "max_drawdown_2009_2010_1_0_bps": NaN,
        "calmar_ratio_2009_2010_1_0_bps": NaN,
        "perc_pos_return_2009_2010_1_0_bps": 0.0,
        "profit_loss_ratio_2009_2010_1_0_bps": NaN,
        "annual_return_2009_2010_1_5_bps": NaN,
        "annual_volatility_2009_2010_1_5_bps": NaN,
        "sharpe_ratio_2009_2010_1_5_bps": NaN,
        "downside_risk_2009_2010_1_5_bps": NaN,
        "sortino_ratio_2009_2010_1_5_bps": NaN,
        "max_drawdown_2009_2010_1_5_bps": NaN,
        "calmar_ratio_2009_2010_1_5_bps": NaN,
        "perc_pos_return_2009_2010_1_5_bps": 0.0,
        "profit_loss_ratio_2009_2010_1_5_bps": NaN,
        "annual_return_2009_2010_2_0_bps": NaN,
        "annual_volatility_2009_2010_2_0_bps": NaN,
        "sharpe_ratio_2009_2010_2_0_bps": NaN,
        "downside_risk_2009_2010_2_0_bps": NaN,
        "sortino_ratio_2009_2010_2_0_bps": NaN,
        "max_drawdown_2009_2010_2_0_bps": NaN,
        "calmar_ratio_2009_2010_2_0_bps": NaN,
        "perc_pos_return_2009_2010_2_0_bps": 0.0,
        "profit_loss_ratio_2009_2010_2_0_bps": NaN,
        "annual_return_2009_2010_2_5_bps": NaN,
        "annual_volatility_2009_2010_2_5_bps": NaN,
        "sharpe_ratio_2009_2010_2_5_bps": NaN,
        "downside_risk_2009_2010_2_5_bps": NaN,
        "sortino_ratio_2009_2010_2_5_bps": NaN,
        "max_drawdown_2009_2010_2_5_bps": NaN,
        "calmar_ratio_2009_2010_2_5_bps": NaN,
        "perc_pos_return_2009_2010_2_5_bps": 0.0,
        "profit_loss_ratio_2009_2010_2_5_bps": NaN,
        "annual_return_2009_2010_3_0_bps": NaN,
        "annual_volatility_2009_2010_3_0_bps": NaN,
        "sharpe_ratio_2009_2010_3_0_bps": NaN,
        "downside_risk_2009_2010_3_0_bps": NaN,
        "sortino_ratio_2009_2010_3_0_bps": NaN,
        "max_drawdown_2009_2010_3_0_bps": NaN,
        "calmar_ratio_2009_2010_3_0_bps": NaN,
        "perc_pos_return_2009_2010_3_0_bps": 0.0,
        "profit_loss_ratio_2009_2010_3_0_bps": NaN
    }
}