{
    "ALL": {
        "performance_sw": -1.3686144680820143,
        "performance_fw": -1.1145719300510373,
        "val_loss": 1.033759021165839,
        "annual_return_2008_2009": -0.03599678700114939,
        "annual_volatility_2008_2009": 0.026528425617720175,
        "sharpe_ratio_2008_2009": -1.3686144680820143,
        "downside_risk_2008_2009": 0.02107508654525922,
        "sortino_ratio_2008_2009": -1.7227538799368098,
        "max_drawdown_2008_2009": 0.06094994976982545,
        "calmar_ratio_2008_2009": -0.5905958435911682,
        "perc_pos_return_2008_2009": 0.4743083003952569,
        "profit_loss_ratio_2008_2009": 0.8672615875555312,
        "sharpe_ratio_2008": -1.5067194455376136,
        "annual_return_2008_2009_0_5_bps": -0.036043295659026864,
        "annual_volatility_2008_2009_0_5_bps": 0.02652828872887339,
        "sharpe_ratio_2008_2009_0_5_bps": -1.370440079334762,
        "downside_risk_2008_2009_0_5_bps": 0.021076676411384387,
        "sortino_ratio_2008_2009_0_5_bps": -1.7249128563066822,
        "max_drawdown_2008_2009_0_5_bps": 0.06096935012831289,
        "calmar_ratio_2008_2009_0_5_bps": -0.5911707371518975,
        "perc_pos_return_2008_2009_0_5_bps": 0.4743083003952569,
        "profit_loss_ratio_2008_2009_0_5_bps": 0.8669761941843369,
        "sharpe_ratio_2008_0_5_bps": -1.5084706717517964,
        "annual_return_2008_2009_1_0_bps": -0.03608980208807133,
        "annual_volatility_2008_2009_1_0_bps": 0.02652815207819691,
        "sharpe_ratio_2008_2009_1_0_bps": -1.372265697108083,
        "downside_risk_2008_2009_1_0_bps": 0.021078266518570626,
        "sortino_ratio_2008_2009_1_0_bps": -1.7270714872356,
        "max_drawdown_2008_2009_1_0_bps": 0.06098875009299382,
        "calmar_ratio_2008_2009_1_0_bps": -0.5917452322443513,
        "perc_pos_return_2008_2009_1_0_bps": 0.4743083003952569,
        "profit_loss_ratio_2008_2009_1_0_bps": 0.8666908833942246,
        "sharpe_ratio_2008_1_0_bps": -1.5102218952815583,
        "annual_return_2008_2009_1_5_bps": -0.03613630628838438,
        "annual_volatility_2008_2009_1_5_bps": 0.02652801566569443,
        "sharpe_ratio_2008_2009_1_5_bps": -1.3740913213527113,
        "downside_risk_2008_2009_1_5_bps": 0.021079856866763388,
        "sortino_ratio_2008_2009_1_5_bps": -1.7292297727321486,
        "max_drawdown_2008_2009_1_5_bps": 0.06100814966387652,
        "calmar_ratio_2008_2009_1_5_bps": -0.5923193292613661,
        "perc_pos_return_2008_2009_1_5_bps": 0.4743083003952569,
        "profit_loss_ratio_2008_2009_1_5_bps": 0.8664056551493553,
        "sharpe_ratio_2008_1_5_bps": -1.5119731160791423,
        "annual_return_2008_2009_2_0_bps": -0.036182808260073585,
        "annual_volatility_2008_2009_2_0_bps": 0.026527879491369612,
        "sharpe_ratio_2008_2009_2_0_bps": -1.3759169520193866,
        "downside_risk_2008_2009_2_0_bps": 0.021081447455908134,
        "sortino_ratio_2008_2009_2_0_bps": -1.7313877128049668,
        "max_drawdown_2008_2009_2_0_bps": 0.06102754884096424,
        "calmar_ratio_2008_2009_2_0_bps": -0.5928930285954099,
        "perc_pos_return_2008_2009_2_0_bps": 0.4743083003952569,
        "profit_loss_ratio_2008_2009_2_0_bps": 0.8661205094139118,
        "sharpe_ratio_2008_2_0_bps": -1.5137243340967954,
        "annual_return_2008_2009_2_5_bps": -0.03622930800325097,
        "annual_volatility_2008_2009_2_5_bps": 0.026527743555226132,
        "sharpe_ratio_2008_2009_2_5_bps": -1.377742589058841,
        "downside_risk_2008_2009_2_5_bps": 0.02108303828595031,
        "sortino_ratio_2008_2009_2_5_bps": -1.7335453074627298,
        "max_drawdown_2008_2009_2_5_bps": 0.06104694762427227,
        "calmar_ratio_2008_2009_2_5_bps": -0.593466330638392,
        "perc_pos_return_2008_2009_2_5_bps": 0.4743083003952569,
        "profit_loss_ratio_2008_2009_2_5_bps": 0.865835446152098,
        "sharpe_ratio_2008_2_5_bps": -1.5154755492867613,
        "annual_return_2008_2009_3_0_bps": -0.03627580551801568,
        "annual_volatility_2008_2009_3_0_bps": 0.026527607857267637,
        "sharpe_ratio_2008_2009_3_0_bps": -1.37956823242181,
        "downside_risk_2008_2009_3_0_bps": 0.021084629356835412,
        "sortino_ratio_2008_2009_3_0_bps": -1.7357025567141586,
        "max_drawdown_2008_2009_3_0_bps": 0.06106634601380337,
        "calmar_ratio_2008_2009_3_0_bps": -0.5940392357816192,
        "perc_pos_return_2008_2009_3_0_bps": 0.4743083003952569,
        "profit_loss_ratio_2008_2009_3_0_bps": 0.8655504653281368,
        "sharpe_ratio_2008_3_0_bps": -1.5172267616012844
    },
    "COMB": {
        "annual_return_2008_2009": NaN,
        "annual_volatility_2008_2009": NaN,
        "sharpe_ratio_2008_2009": NaN,
        "downside_risk_2008_2009": NaN,
        "sortino_ratio_2008_2009": NaN,
        "max_drawdown_2008_2009": NaN,
        "calmar_ratio_2008_2009": NaN,
        "perc_pos_return_2008_2009": 0.0,
        "profit_loss_ratio_2008_2009": NaN,
        "year": {},
        "captured_returns": {},
        "annual_return_2008_2009_0_5_bps": NaN,
        "annual_volatility_2008_2009_0_5_bps": NaN,
        "sharpe_ratio_2008_2009_0_5_bps": NaN,
        "downside_risk_2008_2009_0_5_bps": NaN,
        "sortino_ratio_2008_2009_0_5_bps": NaN,
        "max_drawdown_2008_2009_0_5_bps": NaN,
        "calmar_ratio_2008_2009_0_5_bps": NaN,
        "perc_pos_return_2008_2009_0_5_bps": 0.0,
        "profit_loss_ratio_2008_2009_0_5_bps": NaN,
        "annual_return_2008_2009_1_0_bps": NaN,
        "annual_volatility_2008_2009_1_0_bps": NaN,
        "sharpe_ratio_2008_2009_1_0_bps": NaN,
        "downside_risk_2008_2009_1_0_bps": NaN,
        "sortino_ratio_2008_2009_1_0_bps": NaN,
        "max_drawdown_2008_2009_1_0_bps": NaN,
        "calmar_ratio_2008_2009_1_0_bps": NaN,
        "perc_pos_return_2008_2009_1_0_bps": 0.0,
        "profit_loss_ratio_2008_2009_1_0_bps": NaN,
        "annual_return_2008_2009_1_5_bps": NaN,
        "annual_volatility_2008_2009_1_5_bps": NaN,
        "sharpe_ratio_2008_2009_1_5_bps": NaN,
        "downside_risk_2008_2009_1_5_bps": NaN,
        "sortino_ratio_2008_2009_1_5_bps": NaN,
        "max_drawdown_2008_2009_1_5_bps": NaN,
        "calmar_ratio_2008_2009_1_5_bps": NaN,
        "perc_pos_return_2008_2009_1_5_bps": 0.0,
        "profit_loss_ratio_2008_2009_1_5_bps": NaN,
        "annual_return_2008_2009_2_0_bps": NaN,
        "annual_volatility_2008_2009_2_0_bps": NaN,
        "sharpe_ratio_2008_2009_2_0_bps": NaN,
        "downside_risk_2008_2009_2_0_bps": NaN,
        "sortino_ratio_2008_2009_2_0_bps": NaN,
        "max_drawdown_2008_2009_2_0_bps": NaN,
        "calmar_ratio_2008_2009_2_0_bps": NaN,
        "perc_pos_return_2008_2009_2_0_bps": 0.0,
        "profit_loss_ratio_2008_2009_2_0_bps": NaN,
        "annual_return_2008_2009_2_5_bps": NaN,
        "annual_volatility_2008_2009_2_5_bps": NaN,
        "sharpe_ratio_2008_2009_2_5_bps": NaN,
        "downside_risk_2008_2009_2_5_bps": NaN,
        "sortino_ratio_2008_2009_2_5_bps": NaN,
        "max_drawdown_2008_2009_2_5_bps": NaN,
        "calmar_ratio_2008_2009_2_5_bps": NaN,
        "perc_pos_return_2008_2009_2_5_bps": 0.0,
        "profit_loss_ratio_2008_2009_2_5_bps": NaN,
        "annual_return_2008_2009_3_0_bps": NaN,
        "annual_volatility_2008_2009_3_0_bps": NaN,
        "sharpe_ratio_2008_2009_3_0_bps": NaN,
        "downside_risk_2008_2009_3_0_bps": NaN,
        "sortino_ratio_2008_2009_3_0_bps": NaN,
        "max_drawdown_2008_2009_3_0_bps": NaN,
        "calmar_ratio_2008_2009_3_0_bps": NaN,
        "perc_pos_return_2008_2009_3_0_bps": 0.0,
        "profit_loss_ratio_2008_2009_3_0_bps": NaN
    }
}