{
    "ALL": {
        "performance_sw": 1.1056143485766068,
        "performance_fw": 0.8312075761034422,
        "val_loss": 0.3185426146662257,
        "annual_return_2019_2020": 0.01733774336991778,
        "annual_volatility_2019_2020": 0.015658149304776204,
        "sharpe_ratio_2019_2020": 1.1056143485766066,
        "downside_risk_2019_2020": 0.011096082894608051,
        "sortino_ratio_2019_2020": 1.5601789124996346,
        "max_drawdown_2019_2020": 0.011657537264368295,
        "calmar_ratio_2019_2020": 1.487256096783945,
        "perc_pos_return_2019_2020": 0.5674603174603174,
        "profit_loss_ratio_2019_2020": 0.9225997836536003,
        "sharpe_ratio_2019": 1.1056143485766066,
        "annual_return_2019_2020_0_5_bps": 0.01681438831376547,
        "annual_volatility_2019_2020_0_5_bps": 0.015657288227389345,
        "sharpe_ratio_2019_2020_0_5_bps": 1.072807647719093,
        "downside_risk_2019_2020_0_5_bps": 0.01111120111345435,
        "sortino_ratio_2019_2020_0_5_bps": 1.5117410243385765,
        "max_drawdown_2019_2020_0_5_bps": 0.011717795182287067,
        "calmar_ratio_2019_2020_0_5_bps": 1.4349447188821454,
        "perc_pos_return_2019_2020_0_5_bps": 0.5634920634920635,
        "profit_loss_ratio_2019_2020_0_5_bps": 0.9323590938711797,
        "sharpe_ratio_2019_0_5_bps": 1.072807647719093,
        "annual_return_2019_2020_1_0_bps": 0.016291301260344504,
        "annual_volatility_2019_2020_1_0_bps": 0.01565643733781821,
        "sharpe_ratio_2019_2020_1_0_bps": 1.039996661496203,
        "downside_risk_2019_2020_1_0_bps": 0.011126342685559135,
        "sortino_ratio_2019_2020_1_0_bps": 1.463431697406611,
        "max_drawdown_2019_2020_1_0_bps": 0.011778049590708198,
        "calmar_ratio_2019_2020_1_0_bps": 1.3831917699851466,
        "perc_pos_return_2019_2020_1_0_bps": 0.5634920634920635,
        "profit_loss_ratio_2019_2020_1_0_bps": 0.9271242899792103,
        "sharpe_ratio_2019_1_0_bps": 1.039996661496203,
        "annual_return_2019_2020_1_5_bps": 0.01576848207304149,
        "annual_volatility_2019_2020_1_5_bps": 0.01565559663772394,
        "sharpe_ratio_2019_2020_1_5_bps": 1.0071814531571788,
        "downside_risk_2019_2020_1_5_bps": 0.011141507549567586,
        "sortino_ratio_2019_2020_1_5_bps": 1.415250719121706,
        "max_drawdown_2019_2020_1_5_bps": 0.011838300489830016,
        "calmar_ratio_2019_2020_1_5_bps": 1.331988665652455,
        "perc_pos_return_2019_2020_1_5_bps": 0.5595238095238095,
        "profit_loss_ratio_2019_2020_1_5_bps": 0.9368945751320228,
        "sharpe_ratio_2019_1_5_bps": 1.0071814531571788,
        "annual_return_2019_2020_2_0_bps": 0.015245930615318315,
        "annual_volatility_2019_2020_2_0_bps": 0.015654766128748145,
        "sharpe_ratio_2019_2020_2_0_bps": 0.9743620859965687,
        "downside_risk_2019_2020_2_0_bps": 0.011156695758293974,
        "sortino_ratio_2019_2020_2_0_bps": 1.3671978613969074,
        "max_drawdown_2019_2020_2_0_bps": 0.011898547879843974,
        "calmar_ratio_2019_2020_2_0_bps": 1.281326996308917,
        "perc_pos_return_2019_2020_2_0_bps": 0.5555555555555556,
        "profit_loss_ratio_2019_2020_2_0_bps": 0.946734875999993,
        "sharpe_ratio_2019_2_0_bps": 0.9743620859965687,
        "annual_return_2019_2020_2_5_bps": 0.014723646750698594,
        "annual_volatility_2019_2020_2_5_bps": 0.015653945812512872,
        "sharpe_ratio_2019_2020_2_5_bps": 0.9415386233536176,
        "downside_risk_2019_2020_2_5_bps": 0.011171907371016926,
        "sortino_ratio_2019_2020_2_5_bps": 1.3192728959248337,
        "max_drawdown_2019_2020_2_5_bps": 0.011958791760946197,
        "calmar_ratio_2019_2020_2_5_bps": 1.231198522812445,
        "perc_pos_return_2019_2020_2_5_bps": 0.5555555555555556,
        "profit_loss_ratio_2019_2020_2_5_bps": 0.9414085479700588,
        "sharpe_ratio_2019_2_5_bps": 0.9415386233536176,
        "annual_return_2019_2020_3_0_bps": 0.014201630342778548,
        "annual_volatility_2019_2020_3_0_bps": 0.015653135690620584,
        "sharpe_ratio_2019_2020_3_0_bps": 0.9087111286116745,
        "downside_risk_2019_2020_3_0_bps": 0.011187142354054458,
        "sortino_ratio_2019_2020_3_0_bps": 1.2714756056161534,
        "max_drawdown_2019_2020_3_0_bps": 0.01201903213333251,
        "calmar_ratio_2019_2020_3_0_bps": 1.1815951721597462,
        "perc_pos_return_2019_2020_3_0_bps": 0.5515873015873016,
        "profit_loss_ratio_2019_2020_3_0_bps": 0.9512629514978983,
        "sharpe_ratio_2019_3_0_bps": 0.9087111286116745
    },
    "COMB": {
        "annual_return_2019_2020": NaN,
        "annual_volatility_2019_2020": NaN,
        "sharpe_ratio_2019_2020": NaN,
        "downside_risk_2019_2020": NaN,
        "sortino_ratio_2019_2020": NaN,
        "max_drawdown_2019_2020": NaN,
        "calmar_ratio_2019_2020": NaN,
        "perc_pos_return_2019_2020": 0.0,
        "profit_loss_ratio_2019_2020": NaN,
        "year": {},
        "captured_returns": {},
        "annual_return_2019_2020_0_5_bps": NaN,
        "annual_volatility_2019_2020_0_5_bps": NaN,
        "sharpe_ratio_2019_2020_0_5_bps": NaN,
        "downside_risk_2019_2020_0_5_bps": NaN,
        "sortino_ratio_2019_2020_0_5_bps": NaN,
        "max_drawdown_2019_2020_0_5_bps": NaN,
        "calmar_ratio_2019_2020_0_5_bps": NaN,
        "perc_pos_return_2019_2020_0_5_bps": 0.0,
        "profit_loss_ratio_2019_2020_0_5_bps": NaN,
        "annual_return_2019_2020_1_0_bps": NaN,
        "annual_volatility_2019_2020_1_0_bps": NaN,
        "sharpe_ratio_2019_2020_1_0_bps": NaN,
        "downside_risk_2019_2020_1_0_bps": NaN,
        "sortino_ratio_2019_2020_1_0_bps": NaN,
        "max_drawdown_2019_2020_1_0_bps": NaN,
        "calmar_ratio_2019_2020_1_0_bps": NaN,
        "perc_pos_return_2019_2020_1_0_bps": 0.0,
        "profit_loss_ratio_2019_2020_1_0_bps": NaN,
        "annual_return_2019_2020_1_5_bps": NaN,
        "annual_volatility_2019_2020_1_5_bps": NaN,
        "sharpe_ratio_2019_2020_1_5_bps": NaN,
        "downside_risk_2019_2020_1_5_bps": NaN,
        "sortino_ratio_2019_2020_1_5_bps": NaN,
        "max_drawdown_2019_2020_1_5_bps": NaN,
        "calmar_ratio_2019_2020_1_5_bps": NaN,
        "perc_pos_return_2019_2020_1_5_bps": 0.0,
        "profit_loss_ratio_2019_2020_1_5_bps": NaN,
        "annual_return_2019_2020_2_0_bps": NaN,
        "annual_volatility_2019_2020_2_0_bps": NaN,
        "sharpe_ratio_2019_2020_2_0_bps": NaN,
        "downside_risk_2019_2020_2_0_bps": NaN,
        "sortino_ratio_2019_2020_2_0_bps": NaN,
        "max_drawdown_2019_2020_2_0_bps": NaN,
        "calmar_ratio_2019_2020_2_0_bps": NaN,
        "perc_pos_return_2019_2020_2_0_bps": 0.0,
        "profit_loss_ratio_2019_2020_2_0_bps": NaN,
        "annual_return_2019_2020_2_5_bps": NaN,
        "annual_volatility_2019_2020_2_5_bps": NaN,
        "sharpe_ratio_2019_2020_2_5_bps": NaN,
        "downside_risk_2019_2020_2_5_bps": NaN,
        "sortino_ratio_2019_2020_2_5_bps": NaN,
        "max_drawdown_2019_2020_2_5_bps": NaN,
        "calmar_ratio_2019_2020_2_5_bps": NaN,
        "perc_pos_return_2019_2020_2_5_bps": 0.0,
        "profit_loss_ratio_2019_2020_2_5_bps": NaN,
        "annual_return_2019_2020_3_0_bps": NaN,
        "annual_volatility_2019_2020_3_0_bps": NaN,
        "sharpe_ratio_2019_2020_3_0_bps": NaN,
        "downside_risk_2019_2020_3_0_bps": NaN,
        "sortino_ratio_2019_2020_3_0_bps": NaN,
        "max_drawdown_2019_2020_3_0_bps": NaN,
        "calmar_ratio_2019_2020_3_0_bps": NaN,
        "perc_pos_return_2019_2020_3_0_bps": 0.0,
        "profit_loss_ratio_2019_2020_3_0_bps": NaN
    }
}