{
    "ALL": {
        "performance_sw": -2.235511221872814,
        "performance_fw": -2.359429932816348,
        "val_loss": 1.76350275757846,
        "annual_return_2009_2010": -0.023275760960699943,
        "annual_volatility_2009_2010": 0.010509808519365397,
        "sharpe_ratio_2009_2010": -2.2355112218728133,
        "downside_risk_2009_2010": 0.008516093376063641,
        "sortino_ratio_2009_2010": -2.7588700413752094,
        "max_drawdown_2009_2010": 0.03254404077921518,
        "calmar_ratio_2009_2010": -0.7152080812154529,
        "perc_pos_return_2009_2010": 0.47619047619047616,
        "profit_loss_ratio_2009_2010": 0.7417072465956953,
        "sharpe_ratio_2009": -2.2357012816990727,
        "annual_return_2009_2010_0_5_bps": -0.023767609510928156,
        "annual_volatility_2009_2010_0_5_bps": 0.010509670495764071,
        "sharpe_ratio_2009_2010_0_5_bps": -2.283463122936436,
        "downside_risk_2009_2010_0_5_bps": 0.008532258126620765,
        "sortino_ratio_2009_2010_0_5_bps": -2.812672173666999,
        "max_drawdown_2009_2010_0_5_bps": 0.03294666978906792,
        "calmar_ratio_2009_2010_0_5_bps": -0.7213964161808706,
        "perc_pos_return_2009_2010_0_5_bps": 0.4722222222222222,
        "profit_loss_ratio_2009_2010_0_5_bps": 0.7471597552666668,
        "sharpe_ratio_2009_0_5_bps": -2.2836985925231117,
        "annual_return_2009_2010_1_0_bps": -0.024259211512631107,
        "annual_volatility_2009_2010_1_0_bps": 0.010509547062132,
        "sharpe_ratio_2009_2010_1_0_bps": -2.331413046913394,
        "downside_risk_2009_2010_1_0_bps": 0.008548461980925364,
        "sortino_ratio_2009_2010_1_0_bps": -2.8662577189297553,
        "max_drawdown_2009_2010_1_0_bps": 0.0333491321648674,
        "calmar_ratio_2009_2010_1_0_bps": -0.7274315683149221,
        "perc_pos_return_2009_2010_1_0_bps": 0.4642857142857143,
        "profit_loss_ratio_2009_2010_1_0_bps": 0.7647752464715644,
        "sharpe_ratio_2009_1_0_bps": -2.331694041873073,
        "annual_return_2009_2010_1_5_bps": -0.02475056708883272,
        "annual_volatility_2009_2010_1_5_bps": 0.010509438218983253,
        "sharpe_ratio_2009_2010_1_5_bps": -2.379360793914882,
        "downside_risk_2009_2010_1_5_bps": 0.008564705502480415,
        "sortino_ratio_2009_2010_1_5_bps": -2.9196269804113526,
        "max_drawdown_2009_2010_1_5_bps": 0.03375142797519865,
        "calmar_ratio_2009_2010_1_5_bps": -0.7333191089579979,
        "perc_pos_return_2009_2010_1_5_bps": 0.4642857142857143,
        "profit_loss_ratio_2009_2010_1_5_bps": 0.7582449770978633,
        "sharpe_ratio_2009_1_5_bps": -2.379687429065097,
        "annual_return_2009_2010_2_0_bps": -0.02524167636249186,
        "annual_volatility_2009_2010_2_0_bps": 0.010509343966771162,
        "sharpe_ratio_2009_2010_2_0_bps": -2.4273061640660396,
        "downside_risk_2009_2010_2_0_bps": 0.008580988497353486,
        "sortino_ratio_2009_2010_2_0_bps": -2.9727805134223626,
        "max_drawdown_2009_2010_2_0_bps": 0.034153557288613294,
        "calmar_ratio_2009_2010_2_0_bps": -0.7390643425277217,
        "perc_pos_return_2009_2010_2_0_bps": 0.4642857142857143,
        "profit_loss_ratio_2009_2010_2_0_bps": 0.7517627909484204,
        "sharpe_ratio_2009_2_0_bps": -2.4276785534263134,
        "annual_return_2009_2010_2_5_bps": -0.02573253945650511,
        "annual_volatility_2009_2010_2_5_bps": 0.010509264305888307,
        "sharpe_ratio_2009_2010_2_5_bps": -2.4752489575101264,
        "downside_risk_2009_2010_2_5_bps": 0.008597310741261452,
        "sortino_ratio_2009_2010_2_5_bps": -3.0257188905017536,
        "max_drawdown_2009_2010_2_5_bps": 0.03455552017363084,
        "calmar_ratio_2009_2010_2_5_bps": -0.7446723223151331,
        "perc_pos_return_2009_2010_2_5_bps": 0.4642857142857143,
        "profit_loss_ratio_2009_2010_2_5_bps": 0.7453281589066449,
        "sharpe_ratio_2009_2_5_bps": -2.4756672142990297,
        "annual_return_2009_2010_3_0_bps": -0.02622315649371476,
        "annual_volatility_2009_2010_3_0_bps": 0.010509199236666504,
        "sharpe_ratio_2009_2010_3_0_bps": -2.523188974412666,
        "downside_risk_2009_2010_3_0_bps": 0.008613672011082651,
        "sortino_ratio_2009_2010_3_0_bps": -3.0784426908460896,
        "max_drawdown_2009_2010_3_0_bps": 0.03495731669875192,
        "calmar_ratio_2009_2010_3_0_bps": -0.7501478651721288,
        "perc_pos_return_2009_2010_3_0_bps": 0.4642857142857143,
        "profit_loss_ratio_2009_2010_3_0_bps": 0.7389405595909019,
        "sharpe_ratio_2009_3_0_bps": -2.5236532110449206
    },
    "COMB": {
        "annual_return_2009_2010": NaN,
        "annual_volatility_2009_2010": NaN,
        "sharpe_ratio_2009_2010": NaN,
        "downside_risk_2009_2010": NaN,
        "sortino_ratio_2009_2010": NaN,
        "max_drawdown_2009_2010": NaN,
        "calmar_ratio_2009_2010": NaN,
        "perc_pos_return_2009_2010": 0.0,
        "profit_loss_ratio_2009_2010": NaN,
        "year": {},
        "captured_returns": {},
        "annual_return_2009_2010_0_5_bps": NaN,
        "annual_volatility_2009_2010_0_5_bps": NaN,
        "sharpe_ratio_2009_2010_0_5_bps": NaN,
        "downside_risk_2009_2010_0_5_bps": NaN,
        "sortino_ratio_2009_2010_0_5_bps": NaN,
        "max_drawdown_2009_2010_0_5_bps": NaN,
        "calmar_ratio_2009_2010_0_5_bps": NaN,
        "perc_pos_return_2009_2010_0_5_bps": 0.0,
        "profit_loss_ratio_2009_2010_0_5_bps": NaN,
        "annual_return_2009_2010_1_0_bps": NaN,
        "annual_volatility_2009_2010_1_0_bps": NaN,
        "sharpe_ratio_2009_2010_1_0_bps": NaN,
        "downside_risk_2009_2010_1_0_bps": NaN,
        "sortino_ratio_2009_2010_1_0_bps": NaN,
        "max_drawdown_2009_2010_1_0_bps": NaN,
        "calmar_ratio_2009_2010_1_0_bps": NaN,
        "perc_pos_return_2009_2010_1_0_bps": 0.0,
        "profit_loss_ratio_2009_2010_1_0_bps": NaN,
        "annual_return_2009_2010_1_5_bps": NaN,
        "annual_volatility_2009_2010_1_5_bps": NaN,
        "sharpe_ratio_2009_2010_1_5_bps": NaN,
        "downside_risk_2009_2010_1_5_bps": NaN,
        "sortino_ratio_2009_2010_1_5_bps": NaN,
        "max_drawdown_2009_2010_1_5_bps": NaN,
        "calmar_ratio_2009_2010_1_5_bps": NaN,
        "perc_pos_return_2009_2010_1_5_bps": 0.0,
        "profit_loss_ratio_2009_2010_1_5_bps": NaN,
        "annual_return_2009_2010_2_0_bps": NaN,
        "annual_volatility_2009_2010_2_0_bps": NaN,
        "sharpe_ratio_2009_2010_2_0_bps": NaN,
        "downside_risk_2009_2010_2_0_bps": NaN,
        "sortino_ratio_2009_2010_2_0_bps": NaN,
        "max_drawdown_2009_2010_2_0_bps": NaN,
        "calmar_ratio_2009_2010_2_0_bps": NaN,
        "perc_pos_return_2009_2010_2_0_bps": 0.0,
        "profit_loss_ratio_2009_2010_2_0_bps": NaN,
        "annual_return_2009_2010_2_5_bps": NaN,
        "annual_volatility_2009_2010_2_5_bps": NaN,
        "sharpe_ratio_2009_2010_2_5_bps": NaN,
        "downside_risk_2009_2010_2_5_bps": NaN,
        "sortino_ratio_2009_2010_2_5_bps": NaN,
        "max_drawdown_2009_2010_2_5_bps": NaN,
        "calmar_ratio_2009_2010_2_5_bps": NaN,
        "perc_pos_return_2009_2010_2_5_bps": 0.0,
        "profit_loss_ratio_2009_2010_2_5_bps": NaN,
        "annual_return_2009_2010_3_0_bps": NaN,
        "annual_volatility_2009_2010_3_0_bps": NaN,
        "sharpe_ratio_2009_2010_3_0_bps": NaN,
        "downside_risk_2009_2010_3_0_bps": NaN,
        "sortino_ratio_2009_2010_3_0_bps": NaN,
        "max_drawdown_2009_2010_3_0_bps": NaN,
        "calmar_ratio_2009_2010_3_0_bps": NaN,
        "perc_pos_return_2009_2010_3_0_bps": 0.0,
        "profit_loss_ratio_2009_2010_3_0_bps": NaN
    }
}