{
    "ALL": {
        "performance_sw": 1.2616148290558573,
        "performance_fw": 1.2351118033018578,
        "val_loss": 1.8100687686406796,
        "annual_return_2006_2007": 0.024963576348934424,
        "annual_volatility_2006_2007": 0.019698190707615457,
        "sharpe_ratio_2006_2007": 1.2616148290558573,
        "downside_risk_2006_2007": 0.0130920484261283,
        "sortino_ratio_2006_2007": 1.8982155193301002,
        "max_drawdown_2006_2007": 0.01694790076275158,
        "calmar_ratio_2006_2007": 1.4729597900289721,
        "perc_pos_return_2006_2007": 0.5366795366795367,
        "profit_loss_ratio_2006_2007": 1.0597590418285805,
        "sharpe_ratio_2006": 1.1731768224053294,
        "annual_return_2006_2007_0_5_bps": 0.02410349499664477,
        "annual_volatility_2006_2007_0_5_bps": 0.019697095507587435,
        "sharpe_ratio_2006_2007_0_5_bps": 1.2190600415811799,
        "downside_risk_2006_2007_0_5_bps": 0.013119395788610388,
        "sortino_ratio_2006_2007_0_5_bps": 1.8302627998580543,
        "max_drawdown_2006_2007_0_5_bps": 0.017044232198721938,
        "calmar_ratio_2006_2007_0_5_bps": 1.4141731182500654,
        "perc_pos_return_2006_2007_0_5_bps": 0.5366795366795367,
        "profit_loss_ratio_2006_2007_0_5_bps": 1.0524632675888512,
        "sharpe_ratio_2006_0_5_bps": 1.1327025959055095,
        "annual_return_2006_2007_1_0_bps": 0.023244131730342232,
        "annual_volatility_2006_2007_1_0_bps": 0.019696038922120167,
        "sharpe_ratio_2006_2007_1_0_bps": 1.17649821501387,
        "downside_risk_2006_2007_1_0_bps": 0.01314679681246814,
        "sortino_ratio_2006_2007_1_0_bps": 1.7625855913998703,
        "max_drawdown_2006_2007_1_0_bps": 0.01714055448551183,
        "calmar_ratio_2006_2007_1_0_bps": 1.3560898365329717,
        "perc_pos_return_2006_2007_1_0_bps": 0.5366795366795367,
        "profit_loss_ratio_2006_2007_1_0_bps": 1.045217969327621,
        "sharpe_ratio_2006_1_0_bps": 1.0922286879063225,
        "annual_return_2006_2007_1_5_bps": 0.022385485953520856,
        "annual_volatility_2006_2007_1_5_bps": 0.019695020957428356,
        "sharpe_ratio_2006_2007_1_5_bps": 1.1339295982066429,
        "downside_risk_2006_2007_1_5_bps": 0.013174251186047129,
        "sortino_ratio_2006_2007_1_5_bps": 1.6951830419463094,
        "max_drawdown_2006_2007_1_5_bps": 0.01723686762396309,
        "calmar_ratio_2006_2007_1_5_bps": 1.2986980257596246,
        "perc_pos_return_2006_2007_1_5_bps": 0.528957528957529,
        "profit_loss_ratio_2006_2007_1_5_bps": 1.0707278180076147,
        "sharpe_ratio_2006_1_5_bps": 1.0517552701211732,
        "annual_return_2006_2007_2_0_bps": 0.021527557070172065,
        "annual_volatility_2006_2007_2_0_bps": 0.019694041619500814,
        "sharpe_ratio_2006_2007_2_0_bps": 1.091354440210785,
        "downside_risk_2006_2007_2_0_bps": 0.013201759945729813,
        "sortino_ratio_2006_2007_2_0_bps": 1.6280541272900748,
        "max_drawdown_2006_2007_2_0_bps": 0.01733317161491575,
        "calmar_ratio_2006_2007_2_0_bps": 1.2419860339723925,
        "perc_pos_return_2006_2007_2_0_bps": 0.5212355212355212,
        "profit_loss_ratio_2006_2007_2_0_bps": 1.0967824013185472,
        "sharpe_ratio_2006_2_0_bps": 1.0112825142313424,
        "annual_return_2006_2007_2_5_bps": 0.020670344484780445,
        "annual_volatility_2006_2007_2_5_bps": 0.019693100914100266,
        "sharpe_ratio_2006_2007_2_5_bps": 1.0487729902689065,
        "downside_risk_2006_2007_2_5_bps": 0.01322932519381465,
        "sortino_ratio_2006_2007_2_5_bps": 1.561197720274109,
        "max_drawdown_2006_2007_2_5_bps": 0.017429466459214685,
        "calmar_ratio_2006_2007_2_5_bps": 1.1859424689303877,
        "perc_pos_return_2006_2007_2_5_bps": 0.5173745173745173,
        "profit_loss_ratio_2006_2007_2_5_bps": 1.1061871871937772,
        "sharpe_ratio_2006_2_5_bps": 0.9708105918823365,
        "annual_return_2006_2007_3_0_bps": 0.019813847602315082,
        "annual_volatility_2006_2007_3_0_bps": 0.019692198846763185,
        "sharpe_ratio_2006_2007_3_0_bps": 1.006185497807686,
        "downside_risk_2006_2007_3_0_bps": 0.013256946825281673,
        "sortino_ratio_2006_2007_3_0_bps": 1.494612987492115,
        "max_drawdown_2006_2007_3_0_bps": 0.01752575215769746,
        "calmar_ratio_2006_2007_3_0_bps": 1.1305561909143322,
        "perc_pos_return_2006_2007_3_0_bps": 0.5173745173745173,
        "profit_loss_ratio_2006_2007_3_0_bps": 1.0985501312802644,
        "sharpe_ratio_2006_3_0_bps": 0.9303396746802785
    },
    "COMB": {
        "annual_return_2006_2007": NaN,
        "annual_volatility_2006_2007": NaN,
        "sharpe_ratio_2006_2007": NaN,
        "downside_risk_2006_2007": NaN,
        "sortino_ratio_2006_2007": NaN,
        "max_drawdown_2006_2007": NaN,
        "calmar_ratio_2006_2007": NaN,
        "perc_pos_return_2006_2007": 0.0,
        "profit_loss_ratio_2006_2007": NaN,
        "year": {},
        "captured_returns": {},
        "annual_return_2006_2007_0_5_bps": NaN,
        "annual_volatility_2006_2007_0_5_bps": NaN,
        "sharpe_ratio_2006_2007_0_5_bps": NaN,
        "downside_risk_2006_2007_0_5_bps": NaN,
        "sortino_ratio_2006_2007_0_5_bps": NaN,
        "max_drawdown_2006_2007_0_5_bps": NaN,
        "calmar_ratio_2006_2007_0_5_bps": NaN,
        "perc_pos_return_2006_2007_0_5_bps": 0.0,
        "profit_loss_ratio_2006_2007_0_5_bps": NaN,
        "annual_return_2006_2007_1_0_bps": NaN,
        "annual_volatility_2006_2007_1_0_bps": NaN,
        "sharpe_ratio_2006_2007_1_0_bps": NaN,
        "downside_risk_2006_2007_1_0_bps": NaN,
        "sortino_ratio_2006_2007_1_0_bps": NaN,
        "max_drawdown_2006_2007_1_0_bps": NaN,
        "calmar_ratio_2006_2007_1_0_bps": NaN,
        "perc_pos_return_2006_2007_1_0_bps": 0.0,
        "profit_loss_ratio_2006_2007_1_0_bps": NaN,
        "annual_return_2006_2007_1_5_bps": NaN,
        "annual_volatility_2006_2007_1_5_bps": NaN,
        "sharpe_ratio_2006_2007_1_5_bps": NaN,
        "downside_risk_2006_2007_1_5_bps": NaN,
        "sortino_ratio_2006_2007_1_5_bps": NaN,
        "max_drawdown_2006_2007_1_5_bps": NaN,
        "calmar_ratio_2006_2007_1_5_bps": NaN,
        "perc_pos_return_2006_2007_1_5_bps": 0.0,
        "profit_loss_ratio_2006_2007_1_5_bps": NaN,
        "annual_return_2006_2007_2_0_bps": NaN,
        "annual_volatility_2006_2007_2_0_bps": NaN,
        "sharpe_ratio_2006_2007_2_0_bps": NaN,
        "downside_risk_2006_2007_2_0_bps": NaN,
        "sortino_ratio_2006_2007_2_0_bps": NaN,
        "max_drawdown_2006_2007_2_0_bps": NaN,
        "calmar_ratio_2006_2007_2_0_bps": NaN,
        "perc_pos_return_2006_2007_2_0_bps": 0.0,
        "profit_loss_ratio_2006_2007_2_0_bps": NaN,
        "annual_return_2006_2007_2_5_bps": NaN,
        "annual_volatility_2006_2007_2_5_bps": NaN,
        "sharpe_ratio_2006_2007_2_5_bps": NaN,
        "downside_risk_2006_2007_2_5_bps": NaN,
        "sortino_ratio_2006_2007_2_5_bps": NaN,
        "max_drawdown_2006_2007_2_5_bps": NaN,
        "calmar_ratio_2006_2007_2_5_bps": NaN,
        "perc_pos_return_2006_2007_2_5_bps": 0.0,
        "profit_loss_ratio_2006_2007_2_5_bps": NaN,
        "annual_return_2006_2007_3_0_bps": NaN,
        "annual_volatility_2006_2007_3_0_bps": NaN,
        "sharpe_ratio_2006_2007_3_0_bps": NaN,
        "downside_risk_2006_2007_3_0_bps": NaN,
        "sortino_ratio_2006_2007_3_0_bps": NaN,
        "max_drawdown_2006_2007_3_0_bps": NaN,
        "calmar_ratio_2006_2007_3_0_bps": NaN,
        "perc_pos_return_2006_2007_3_0_bps": 0.0,
        "profit_loss_ratio_2006_2007_3_0_bps": NaN
    }
}