{
    "ALL": {
        "performance_sw": -0.8275100562893583,
        "performance_fw": -0.8921807584409048,
        "val_loss": 4.768006984507929,
        "annual_return_2008_2009": -0.051437762269155085,
        "annual_volatility_2008_2009": 0.061527646691401344,
        "sharpe_ratio_2008_2009": -0.8275100562893576,
        "downside_risk_2008_2009": 0.047224032425960204,
        "sortino_ratio_2008_2009": -1.0781532995256067,
        "max_drawdown_2008_2009": 0.12293827603661944,
        "calmar_ratio_2008_2009": -0.4184031526018259,
        "perc_pos_return_2008_2009": 0.5098814229249012,
        "profit_loss_ratio_2008_2009": 0.8356160004199927,
        "sharpe_ratio_2008": -0.8259710322623486,
        "annual_return_2008_2009_0_5_bps": -0.051659529816280525,
        "annual_volatility_2008_2009_0_5_bps": 0.06152737645594863,
        "sharpe_ratio_2008_2009_0_5_bps": -0.8313134047297138,
        "downside_risk_2008_2009_0_5_bps": 0.047231698067836655,
        "sortino_ratio_2008_2009_0_5_bps": -1.0829280948616176,
        "max_drawdown_2008_2009_0_5_bps": 0.12300637697861787,
        "calmar_ratio_2008_2009_0_5_bps": -0.41997440364624733,
        "perc_pos_return_2008_2009_0_5_bps": 0.5098814229249012,
        "profit_loss_ratio_2008_2009_0_5_bps": 0.8350767992836103,
        "sharpe_ratio_2008_0_5_bps": -0.8297687825567047,
        "annual_return_2008_2009_1_0_bps": -0.05188124579524411,
        "annual_volatility_2008_2009_1_0_bps": 0.0615271074910651,
        "sharpe_ratio_2008_2009_1_0_bps": -0.835116769334095,
        "downside_risk_2008_2009_1_0_bps": 0.04723936563649985,
        "sortino_ratio_2008_2009_1_0_bps": -1.0877012961983752,
        "max_drawdown_2008_2009_1_0_bps": 0.12307447273247733,
        "calmar_ratio_2008_2009_1_0_bps": -0.4215435146166871,
        "perc_pos_return_2008_2009_1_0_bps": 0.5098814229249012,
        "profit_loss_ratio_2008_2009_1_0_bps": 0.8345379196117594,
        "sharpe_ratio_2008_1_0_bps": -0.8335665500792823,
        "annual_return_2008_2009_1_5_bps": -0.05210291021797664,
        "annual_volatility_2008_2009_1_5_bps": 0.06152683979676749,
        "sharpe_ratio_2008_2009_1_5_bps": -0.8389201498668543,
        "downside_risk_2008_2009_1_5_bps": 0.04724703513101175,
        "sortino_ratio_2008_2009_1_5_bps": -1.0924729037496494,
        "max_drawdown_2008_2009_1_5_bps": 0.12314256329858635,
        "calmar_ratio_2008_2009_1_5_bps": -0.4231104893572958,
        "perc_pos_return_2008_2009_1_5_bps": 0.5098814229249012,
        "profit_loss_ratio_2008_2009_1_5_bps": 0.8339993611170466,
        "sharpe_ratio_2008_1_5_bps": -0.8373643345966815,
        "annual_return_2008_2009_2_0_bps": -0.052324523096403786,
        "annual_volatility_2008_2009_2_0_bps": 0.061526573373072296,
        "sharpe_ratio_2008_2009_2_0_bps": -0.8427235460923471,
        "downside_risk_2008_2009_2_0_bps": 0.04725470655043459,
        "sortino_ratio_2008_2009_2_0_bps": -1.0972429177298448,
        "max_drawdown_2008_2009_2_0_bps": 0.12321064867733332,
        "calmar_ratio_2008_2009_2_0_bps": -0.4246753317031255,
        "perc_pos_return_2008_2009_2_0_bps": 0.5098814229249012,
        "profit_loss_ratio_2008_2009_2_0_bps": 0.8334611235124209,
        "sharpe_ratio_2008_2_0_bps": -0.8411621358754963,
        "annual_return_2008_2009_2_5_bps": -0.05254608444244169,
        "annual_volatility_2008_2009_2_5_bps": 0.06152630821999613,
        "sharpe_ratio_2008_2009_2_5_bps": -0.8465269577749089,
        "downside_risk_2008_2009_2_5_bps": 0.04726237989383108,
        "sortino_ratio_2008_2009_2_5_bps": -1.102011338353973,
        "max_drawdown_2008_2009_2_5_bps": 0.12327872886910432,
        "calmar_ratio_2008_2009_2_5_bps": -0.4262380454801283,
        "perc_pos_return_2008_2009_2_5_bps": 0.5098814229249012,
        "profit_loss_ratio_2008_2009_2_5_bps": 0.8329232065111731,
        "sharpe_ratio_2008_2_5_bps": -0.8449599536823111,
        "annual_return_2008_2009_3_0_bps": -0.05276759426800959,
        "annual_volatility_2008_2009_3_0_bps": 0.061526044337555326,
        "sharpe_ratio_2008_2009_3_0_bps": -0.850330384678876,
        "downside_risk_2008_2009_3_0_bps": 0.047270055160264245,
        "sortino_ratio_2008_2009_3_0_bps": -1.1067781658376752,
        "max_drawdown_2008_2009_3_0_bps": 0.12334680387428948,
        "calmar_ratio_2008_2009_3_0_bps": -0.4277986345052635,
        "perc_pos_return_2008_2009_3_0_bps": 0.5098814229249012,
        "profit_loss_ratio_2008_2009_3_0_bps": 0.832385609826935,
        "sharpe_ratio_2008_3_0_bps": -0.8487577877837013
    },
    "COMB": {
        "annual_return_2008_2009": NaN,
        "annual_volatility_2008_2009": NaN,
        "sharpe_ratio_2008_2009": NaN,
        "downside_risk_2008_2009": NaN,
        "sortino_ratio_2008_2009": NaN,
        "max_drawdown_2008_2009": NaN,
        "calmar_ratio_2008_2009": NaN,
        "perc_pos_return_2008_2009": 0.0,
        "profit_loss_ratio_2008_2009": NaN,
        "year": {},
        "captured_returns": {},
        "annual_return_2008_2009_0_5_bps": NaN,
        "annual_volatility_2008_2009_0_5_bps": NaN,
        "sharpe_ratio_2008_2009_0_5_bps": NaN,
        "downside_risk_2008_2009_0_5_bps": NaN,
        "sortino_ratio_2008_2009_0_5_bps": NaN,
        "max_drawdown_2008_2009_0_5_bps": NaN,
        "calmar_ratio_2008_2009_0_5_bps": NaN,
        "perc_pos_return_2008_2009_0_5_bps": 0.0,
        "profit_loss_ratio_2008_2009_0_5_bps": NaN,
        "annual_return_2008_2009_1_0_bps": NaN,
        "annual_volatility_2008_2009_1_0_bps": NaN,
        "sharpe_ratio_2008_2009_1_0_bps": NaN,
        "downside_risk_2008_2009_1_0_bps": NaN,
        "sortino_ratio_2008_2009_1_0_bps": NaN,
        "max_drawdown_2008_2009_1_0_bps": NaN,
        "calmar_ratio_2008_2009_1_0_bps": NaN,
        "perc_pos_return_2008_2009_1_0_bps": 0.0,
        "profit_loss_ratio_2008_2009_1_0_bps": NaN,
        "annual_return_2008_2009_1_5_bps": NaN,
        "annual_volatility_2008_2009_1_5_bps": NaN,
        "sharpe_ratio_2008_2009_1_5_bps": NaN,
        "downside_risk_2008_2009_1_5_bps": NaN,
        "sortino_ratio_2008_2009_1_5_bps": NaN,
        "max_drawdown_2008_2009_1_5_bps": NaN,
        "calmar_ratio_2008_2009_1_5_bps": NaN,
        "perc_pos_return_2008_2009_1_5_bps": 0.0,
        "profit_loss_ratio_2008_2009_1_5_bps": NaN,
        "annual_return_2008_2009_2_0_bps": NaN,
        "annual_volatility_2008_2009_2_0_bps": NaN,
        "sharpe_ratio_2008_2009_2_0_bps": NaN,
        "downside_risk_2008_2009_2_0_bps": NaN,
        "sortino_ratio_2008_2009_2_0_bps": NaN,
        "max_drawdown_2008_2009_2_0_bps": NaN,
        "calmar_ratio_2008_2009_2_0_bps": NaN,
        "perc_pos_return_2008_2009_2_0_bps": 0.0,
        "profit_loss_ratio_2008_2009_2_0_bps": NaN,
        "annual_return_2008_2009_2_5_bps": NaN,
        "annual_volatility_2008_2009_2_5_bps": NaN,
        "sharpe_ratio_2008_2009_2_5_bps": NaN,
        "downside_risk_2008_2009_2_5_bps": NaN,
        "sortino_ratio_2008_2009_2_5_bps": NaN,
        "max_drawdown_2008_2009_2_5_bps": NaN,
        "calmar_ratio_2008_2009_2_5_bps": NaN,
        "perc_pos_return_2008_2009_2_5_bps": 0.0,
        "profit_loss_ratio_2008_2009_2_5_bps": NaN,
        "annual_return_2008_2009_3_0_bps": NaN,
        "annual_volatility_2008_2009_3_0_bps": NaN,
        "sharpe_ratio_2008_2009_3_0_bps": NaN,
        "downside_risk_2008_2009_3_0_bps": NaN,
        "sortino_ratio_2008_2009_3_0_bps": NaN,
        "max_drawdown_2008_2009_3_0_bps": NaN,
        "calmar_ratio_2008_2009_3_0_bps": NaN,
        "perc_pos_return_2008_2009_3_0_bps": 0.0,
        "profit_loss_ratio_2008_2009_3_0_bps": NaN
    }
}