{
    "ALL": {
        "performance_sw": 1.3598675518015146,
        "performance_fw": 1.4385400484671247,
        "val_loss": 3.2950901056567963,
        "annual_return_2007_2008": 0.017503249530658183,
        "annual_volatility_2007_2008": 0.012820585543393624,
        "sharpe_ratio_2007_2008": 1.3598675518015149,
        "downside_risk_2007_2008": 0.008921942359314993,
        "sortino_ratio_2007_2008": 1.9540922338905526,
        "max_drawdown_2007_2008": 0.008445605580685533,
        "calmar_ratio_2007_2008": 2.0724682633400264,
        "perc_pos_return_2007_2008": 0.547244094488189,
        "profit_loss_ratio_2007_2008": 1.0314407127845082,
        "sharpe_ratio_2007": 1.244438620268084,
        "annual_return_2007_2008_0_5_bps": 0.0169494041299576,
        "annual_volatility_2007_2008_0_5_bps": 0.012822296796314601,
        "sharpe_ratio_2007_2008_0_5_bps": 1.3172224463722904,
        "downside_risk_2007_2008_0_5_bps": 0.008940573382449845,
        "sortino_ratio_2007_2008_0_5_bps": 1.889120130405445,
        "max_drawdown_2007_2008_0_5_bps": 0.008515676515959468,
        "calmar_ratio_2007_2008_0_5_bps": 1.9903767009223812,
        "perc_pos_return_2007_2008_0_5_bps": 0.547244094488189,
        "profit_loss_ratio_2007_2008_0_5_bps": 1.0243467589113593,
        "sharpe_ratio_2007_0_5_bps": 1.202081823772648,
        "annual_return_2007_2008_1_0_bps": 0.016395858857973344,
        "annual_volatility_2007_2008_1_0_bps": 0.012824018876964978,
        "sharpe_ratio_2007_2008_1_0_bps": 1.2745876460077419,
        "downside_risk_2007_2008_1_0_bps": 0.008959240152856192,
        "sortino_ratio_2007_2008_1_0_bps": 1.8244109716758476,
        "max_drawdown_2007_2008_1_0_bps": 0.008585742711990176,
        "calmar_ratio_2007_2008_1_0_bps": 1.9096610984016762,
        "perc_pos_return_2007_2008_1_0_bps": 0.547244094488189,
        "profit_loss_ratio_2007_2008_1_0_bps": 1.0173042621082882,
        "sharpe_ratio_2007_1_0_bps": 1.1597356220032498,
        "annual_return_2007_2008_1_5_bps": 0.01584261355278893,
        "annual_volatility_2007_2008_1_5_bps": 0.012825751780983323,
        "sharpe_ratio_2007_2008_1_5_bps": 1.2319632549550825,
        "downside_risk_2007_2008_1_5_bps": 0.008977942447558849,
        "sortino_ratio_2007_2008_1_5_bps": 1.7599639342355664,
        "max_drawdown_2007_2008_1_5_bps": 0.008655804169084673,
        "calmar_ratio_2007_2008_1_5_bps": 1.830287890450766,
        "perc_pos_return_2007_2008_1_5_bps": 0.547244094488189,
        "profit_loss_ratio_2007_2008_1_5_bps": 1.0103126645210445,
        "sharpe_ratio_2007_1_5_bps": 1.1174001122089032,
        "annual_return_2007_2008_2_0_bps": 0.015289668052583805,
        "annual_volatility_2007_2008_2_0_bps": 0.012827495503983157,
        "sharpe_ratio_2007_2008_2_0_bps": 1.1893493772970214,
        "downside_risk_2007_2008_2_0_bps": 0.008996680045014143,
        "sortino_ratio_2007_2008_2_0_bps": 1.6957781885771979,
        "max_drawdown_2007_2008_2_0_bps": 0.008725860887547149,
        "calmar_ratio_2007_2008_2_0_bps": 1.7522245941834802,
        "perc_pos_return_2007_2008_2_0_bps": 0.547244094488189,
        "profit_loss_ratio_2007_2008_2_0_bps": 1.0033714163300593,
        "sharpe_ratio_2007_2_0_bps": 1.0750753914806837,
        "annual_return_2007_2008_2_5_bps": 0.01473702219560491,
        "annual_volatility_2007_2008_2_5_bps": 0.012829250041552992,
        "sharpe_ratio_2007_2008_2_5_bps": 1.1467461169506015,
        "downside_risk_2007_2008_2_5_bps": 0.00901545272510376,
        "sortino_ratio_2007_2008_2_5_bps": 1.6318528993639545,
        "max_drawdown_2007_2008_2_5_bps": 0.00879591286768499,
        "calmar_ratio_2007_2008_2_5_bps": 1.675439765865208,
        "perc_pos_return_2007_2008_2_5_bps": 0.547244094488189,
        "profit_loss_ratio_2007_2008_2_5_bps": 0.996479975606307,
        "sharpe_ratio_2007_2_5_bps": 1.0327615567507222,
        "annual_return_2007_2008_3_0_bps": 0.014184675820206216,
        "annual_volatility_2007_2008_3_0_bps": 0.01283101538925643,
        "sharpe_ratio_2007_2008_3_0_bps": 1.104153577666061,
        "downside_risk_2007_2008_3_0_bps": 0.00903426026912854,
        "sortino_ratio_2007_2008_3_0_bps": 1.5681872256379423,
        "max_drawdown_2007_2008_3_0_bps": 0.008865960109804836,
        "calmar_ratio_2007_2008_3_0_bps": 1.5999029596940584,
        "perc_pos_return_2007_2008_3_0_bps": 0.547244094488189,
        "profit_loss_ratio_2007_2008_3_0_bps": 0.9896378081702691,
        "sharpe_ratio_2007_3_0_bps": 0.990458704791221
    },
    "COMB": {
        "annual_return_2007_2008": NaN,
        "annual_volatility_2007_2008": NaN,
        "sharpe_ratio_2007_2008": NaN,
        "downside_risk_2007_2008": NaN,
        "sortino_ratio_2007_2008": NaN,
        "max_drawdown_2007_2008": NaN,
        "calmar_ratio_2007_2008": NaN,
        "perc_pos_return_2007_2008": 0.0,
        "profit_loss_ratio_2007_2008": NaN,
        "year": {},
        "captured_returns": {},
        "annual_return_2007_2008_0_5_bps": NaN,
        "annual_volatility_2007_2008_0_5_bps": NaN,
        "sharpe_ratio_2007_2008_0_5_bps": NaN,
        "downside_risk_2007_2008_0_5_bps": NaN,
        "sortino_ratio_2007_2008_0_5_bps": NaN,
        "max_drawdown_2007_2008_0_5_bps": NaN,
        "calmar_ratio_2007_2008_0_5_bps": NaN,
        "perc_pos_return_2007_2008_0_5_bps": 0.0,
        "profit_loss_ratio_2007_2008_0_5_bps": NaN,
        "annual_return_2007_2008_1_0_bps": NaN,
        "annual_volatility_2007_2008_1_0_bps": NaN,
        "sharpe_ratio_2007_2008_1_0_bps": NaN,
        "downside_risk_2007_2008_1_0_bps": NaN,
        "sortino_ratio_2007_2008_1_0_bps": NaN,
        "max_drawdown_2007_2008_1_0_bps": NaN,
        "calmar_ratio_2007_2008_1_0_bps": NaN,
        "perc_pos_return_2007_2008_1_0_bps": 0.0,
        "profit_loss_ratio_2007_2008_1_0_bps": NaN,
        "annual_return_2007_2008_1_5_bps": NaN,
        "annual_volatility_2007_2008_1_5_bps": NaN,
        "sharpe_ratio_2007_2008_1_5_bps": NaN,
        "downside_risk_2007_2008_1_5_bps": NaN,
        "sortino_ratio_2007_2008_1_5_bps": NaN,
        "max_drawdown_2007_2008_1_5_bps": NaN,
        "calmar_ratio_2007_2008_1_5_bps": NaN,
        "perc_pos_return_2007_2008_1_5_bps": 0.0,
        "profit_loss_ratio_2007_2008_1_5_bps": NaN,
        "annual_return_2007_2008_2_0_bps": NaN,
        "annual_volatility_2007_2008_2_0_bps": NaN,
        "sharpe_ratio_2007_2008_2_0_bps": NaN,
        "downside_risk_2007_2008_2_0_bps": NaN,
        "sortino_ratio_2007_2008_2_0_bps": NaN,
        "max_drawdown_2007_2008_2_0_bps": NaN,
        "calmar_ratio_2007_2008_2_0_bps": NaN,
        "perc_pos_return_2007_2008_2_0_bps": 0.0,
        "profit_loss_ratio_2007_2008_2_0_bps": NaN,
        "annual_return_2007_2008_2_5_bps": NaN,
        "annual_volatility_2007_2008_2_5_bps": NaN,
        "sharpe_ratio_2007_2008_2_5_bps": NaN,
        "downside_risk_2007_2008_2_5_bps": NaN,
        "sortino_ratio_2007_2008_2_5_bps": NaN,
        "max_drawdown_2007_2008_2_5_bps": NaN,
        "calmar_ratio_2007_2008_2_5_bps": NaN,
        "perc_pos_return_2007_2008_2_5_bps": 0.0,
        "profit_loss_ratio_2007_2008_2_5_bps": NaN,
        "annual_return_2007_2008_3_0_bps": NaN,
        "annual_volatility_2007_2008_3_0_bps": NaN,
        "sharpe_ratio_2007_2008_3_0_bps": NaN,
        "downside_risk_2007_2008_3_0_bps": NaN,
        "sortino_ratio_2007_2008_3_0_bps": NaN,
        "max_drawdown_2007_2008_3_0_bps": NaN,
        "calmar_ratio_2007_2008_3_0_bps": NaN,
        "perc_pos_return_2007_2008_3_0_bps": 0.0,
        "profit_loss_ratio_2007_2008_3_0_bps": NaN
    }
}