{
    "ALL": {
        "performance_sw": 0.13605052189302713,
        "performance_fw": 0.3703626431226297,
        "val_loss": 1.1993947924727613,
        "annual_return_2007_2008": 0.002636045089174921,
        "annual_volatility_2007_2008": 0.020959396415390606,
        "sharpe_ratio_2007_2008": 0.13605052189302694,
        "downside_risk_2007_2008": 0.01582248446869674,
        "sortino_ratio_2007_2008": 0.1802205479498634,
        "max_drawdown_2007_2008": 0.03662420844881484,
        "calmar_ratio_2007_2008": 0.07197548290658616,
        "perc_pos_return_2007_2008": 0.515748031496063,
        "profit_loss_ratio_2007_2008": 0.9605432479889205,
        "sharpe_ratio_2007": 0.3983328498976197,
        "annual_return_2007_2008_0_5_bps": 0.0024202101448544955,
        "annual_volatility_2007_2008_0_5_bps": 0.02095885498985091,
        "sharpe_ratio_2007_2008_0_5_bps": 0.12578133976210054,
        "downside_risk_2007_2008_0_5_bps": 0.015828701821474032,
        "sortino_ratio_2007_2008_0_5_bps": 0.16654763544326703,
        "max_drawdown_2007_2008_0_5_bps": 0.03672719108373857,
        "calmar_ratio_2007_2008_0_5_bps": 0.0658969573615466,
        "perc_pos_return_2007_2008_0_5_bps": 0.515748031496063,
        "profit_loss_ratio_2007_2008_0_5_bps": 0.9588954874382918,
        "sharpe_ratio_2007_0_5_bps": 0.38817881060321807,
        "annual_return_2007_2008_1_0_bps": 0.002204421233577669,
        "annual_volatility_2007_2008_1_0_bps": 0.020958325256892958,
        "sharpe_ratio_2007_2008_1_0_bps": 0.11551156261081112,
        "downside_risk_2007_2008_1_0_bps": 0.01583492898995944,
        "sortino_ratio_2007_2008_1_0_bps": 0.15288536511053444,
        "max_drawdown_2007_2008_1_0_bps": 0.03683016293231113,
        "calmar_ratio_2007_2008_1_0_bps": 0.05985369213894323,
        "perc_pos_return_2007_2008_1_0_bps": 0.515748031496063,
        "profit_loss_ratio_2007_2008_1_0_bps": 0.9572503572752237,
        "sharpe_ratio_2007_1_0_bps": 0.3780239263354073,
        "annual_return_2007_2008_1_5_bps": 0.0019886783456102286,
        "annual_volatility_2007_2008_1_5_bps": 0.020957807217403382,
        "sharpe_ratio_2007_2008_1_5_bps": 0.10524120757843813,
        "downside_risk_2007_2008_1_5_bps": 0.015841165962577262,
        "sortino_ratio_2007_2008_1_5_bps": 0.1392337498998588,
        "max_drawdown_2007_2008_1_5_bps": 0.03693312399564519,
        "calmar_ratio_2007_2008_1_5_bps": 0.05384538675484682,
        "perc_pos_return_2007_2008_1_5_bps": 0.515748031496063,
        "profit_loss_ratio_2007_2008_1_5_bps": 0.955607851206247,
        "sharpe_ratio_2007_1_5_bps": 0.3678682141901334,
        "annual_return_2007_2008_2_0_bps": 0.0017729814712281744,
        "annual_volatility_2007_2008_2_0_bps": 0.02095730087224932,
        "sharpe_ratio_2007_2008_2_0_bps": 0.0949702918097358,
        "downside_risk_2007_2008_2_0_bps": 0.015847412727751874,
        "sortino_ratio_2007_2008_2_0_bps": 0.12559280265961098,
        "max_drawdown_2007_2008_2_0_bps": 0.03703607427484423,
        "calmar_ratio_2007_2008_2_0_bps": 0.04787174412900519,
        "perc_pos_return_2007_2008_2_0_bps": 0.515748031496063,
        "profit_loss_ratio_2007_2008_2_0_bps": 0.953967962957953,
        "sharpe_ratio_2007_2_0_bps": 0.3577116912706567,
        "annual_return_2007_2008_2_5_bps": 0.001557330600706841,
        "annual_volatility_2007_2008_2_5_bps": 0.020956806222278444,
        "sharpe_ratio_2007_2008_2_5_bps": 0.0846988324547899,
        "downside_risk_2007_2008_2_5_bps": 0.01585366927390767,
        "sortino_ratio_2007_2008_2_5_bps": 0.11196253613853442,
        "max_drawdown_2007_2008_2_5_bps": 0.03713901377101754,
        "calmar_ratio_2007_2008_2_5_bps": 0.041932470536472546,
        "perc_pos_return_2007_2008_2_5_bps": 0.515748031496063,
        "profit_loss_ratio_2007_2008_2_5_bps": 0.9523306862769145,
        "sharpe_ratio_2007_2_5_bps": 0.3475543746874058,
        "annual_return_2007_2008_3_0_bps": 0.0013417257243277803,
        "annual_volatility_2007_2008_3_0_bps": 0.020956323268318887,
        "sharpe_ratio_2007_2008_3_0_bps": 0.07442684666887507,
        "downside_risk_2007_2008_3_0_bps": 0.01585993558946924,
        "sortino_ratio_2007_2008_3_0_bps": 0.09834296298593892,
        "max_drawdown_2007_2008_3_0_bps": 0.03724194248527046,
        "calmar_ratio_2007_2008_3_0_bps": 0.03602727556057113,
        "perc_pos_return_2007_2008_3_0_bps": 0.515748031496063,
        "profit_loss_ratio_2007_2008_3_0_bps": 0.9506960149296056,
        "sharpe_ratio_2007_3_0_bps": 0.3373962815578314
    },
    "COMB": {
        "annual_return_2007_2008": NaN,
        "annual_volatility_2007_2008": NaN,
        "sharpe_ratio_2007_2008": NaN,
        "downside_risk_2007_2008": NaN,
        "sortino_ratio_2007_2008": NaN,
        "max_drawdown_2007_2008": NaN,
        "calmar_ratio_2007_2008": NaN,
        "perc_pos_return_2007_2008": 0.0,
        "profit_loss_ratio_2007_2008": NaN,
        "year": {},
        "captured_returns": {},
        "annual_return_2007_2008_0_5_bps": NaN,
        "annual_volatility_2007_2008_0_5_bps": NaN,
        "sharpe_ratio_2007_2008_0_5_bps": NaN,
        "downside_risk_2007_2008_0_5_bps": NaN,
        "sortino_ratio_2007_2008_0_5_bps": NaN,
        "max_drawdown_2007_2008_0_5_bps": NaN,
        "calmar_ratio_2007_2008_0_5_bps": NaN,
        "perc_pos_return_2007_2008_0_5_bps": 0.0,
        "profit_loss_ratio_2007_2008_0_5_bps": NaN,
        "annual_return_2007_2008_1_0_bps": NaN,
        "annual_volatility_2007_2008_1_0_bps": NaN,
        "sharpe_ratio_2007_2008_1_0_bps": NaN,
        "downside_risk_2007_2008_1_0_bps": NaN,
        "sortino_ratio_2007_2008_1_0_bps": NaN,
        "max_drawdown_2007_2008_1_0_bps": NaN,
        "calmar_ratio_2007_2008_1_0_bps": NaN,
        "perc_pos_return_2007_2008_1_0_bps": 0.0,
        "profit_loss_ratio_2007_2008_1_0_bps": NaN,
        "annual_return_2007_2008_1_5_bps": NaN,
        "annual_volatility_2007_2008_1_5_bps": NaN,
        "sharpe_ratio_2007_2008_1_5_bps": NaN,
        "downside_risk_2007_2008_1_5_bps": NaN,
        "sortino_ratio_2007_2008_1_5_bps": NaN,
        "max_drawdown_2007_2008_1_5_bps": NaN,
        "calmar_ratio_2007_2008_1_5_bps": NaN,
        "perc_pos_return_2007_2008_1_5_bps": 0.0,
        "profit_loss_ratio_2007_2008_1_5_bps": NaN,
        "annual_return_2007_2008_2_0_bps": NaN,
        "annual_volatility_2007_2008_2_0_bps": NaN,
        "sharpe_ratio_2007_2008_2_0_bps": NaN,
        "downside_risk_2007_2008_2_0_bps": NaN,
        "sortino_ratio_2007_2008_2_0_bps": NaN,
        "max_drawdown_2007_2008_2_0_bps": NaN,
        "calmar_ratio_2007_2008_2_0_bps": NaN,
        "perc_pos_return_2007_2008_2_0_bps": 0.0,
        "profit_loss_ratio_2007_2008_2_0_bps": NaN,
        "annual_return_2007_2008_2_5_bps": NaN,
        "annual_volatility_2007_2008_2_5_bps": NaN,
        "sharpe_ratio_2007_2008_2_5_bps": NaN,
        "downside_risk_2007_2008_2_5_bps": NaN,
        "sortino_ratio_2007_2008_2_5_bps": NaN,
        "max_drawdown_2007_2008_2_5_bps": NaN,
        "calmar_ratio_2007_2008_2_5_bps": NaN,
        "perc_pos_return_2007_2008_2_5_bps": 0.0,
        "profit_loss_ratio_2007_2008_2_5_bps": NaN,
        "annual_return_2007_2008_3_0_bps": NaN,
        "annual_volatility_2007_2008_3_0_bps": NaN,
        "sharpe_ratio_2007_2008_3_0_bps": NaN,
        "downside_risk_2007_2008_3_0_bps": NaN,
        "sortino_ratio_2007_2008_3_0_bps": NaN,
        "max_drawdown_2007_2008_3_0_bps": NaN,
        "calmar_ratio_2007_2008_3_0_bps": NaN,
        "perc_pos_return_2007_2008_3_0_bps": 0.0,
        "profit_loss_ratio_2007_2008_3_0_bps": NaN
    }
}